id;nombre;descripcion;cronograma;fecha
1;Dia del maestro;reunion en homenaje al dia del maestro;dia del maestro;17/07/2018
2;Dia del maestro;reunion en homenaje al dia del maestro;dia del maestro;17/07/2018
3;Dia del maestro;reunion en homenaje al dia del maestro;dia del maestro;17/07/2018
4;Dia del maestro;reunion en homenaje al dia del maestro;dia del maestro;17/07/2018
5;Dia del maestro;reunion en homenaje al dia del maestro;dia del maestro;17/07/2018
6;Dia del maestro;reunion en homenaje al dia del maestro;dia del maestro;17/07/2018
7;Dia del maestro;reunion en homenaje al dia del maestro;dia del maestro;17/07/2018
8;Dia del maestro;reunion en homenaje al dia del maestro;dia del maestro;17/07/2018
9;Dia del maestro;reunion en homenaje al dia del maestro;dia del maestro;17/07/2018
10;Dia del maestro;reunion en homenaje al dia del maestro;dia del maestro;17/07/2018
11;Dia del maestro;reunion en homenaje al dia del maestro;dia del maestro;17/07/2018
12;Dia del maestro;reunion en homenaje al dia del maestro;dia del maestro;17/07/2018
13;Dia del maestro;reunion en homenaje al dia del maestro;dia del maestro;17/07/2018
14;Dia del maestro;reunion en homenaje al dia del maestro;dia del maestro;17/07/2018
15;Dia del maestro;reunion en homenaje al dia del maestro;dia del maestro;17/07/2018
16;Dia del maestro;reunion en homenaje al dia del maestro;dia del maestro;17/07/2018


